1,166,835,2022/1/14 11:34:15
2,264,422,2022/7/15 22:55:57
3,138,999,2023/8/22 06:52:40
4,67,5,2023/10/17 11:38:35
5,107,395,2023/3/9 23:58:19
6,84,848,2023/4/15 9:35:08
7,14,730,2022/5/27 2:16:16
8,244,434,2022/7/2 8:10:22
9,133,453,2021/12/16 3:09:39
10,177,148,2022/8/23 14:59:32
11,66,598,2023/9/9 13:22:12
12,148,370,2023/2/25 4:06:53
13,9,518,2022/7/7 21:35:35
14,192,489,2023/6/28 2:59:46
15,148,365,2023/9/4 17:27:33
16,137,681,2023/3/30 23:34:06
17,63,798,2023/8/14 18:42:12
18,263,625,2023/4/26 23:47:34
19,279,674,2023/7/23 20:49:26
20,63,701,2023/6/11 4:30:37
21,36,54,2022/7/10 21:26:02
22,92,20,2022/10/29 16:46:05
23,59,418,2022/1/18 17:59:11
24,666,200,2023/9/16 5:56:11
25,22,235,2023/7/3 14:35:53
26,130,878,2022/11/24 11:23:08
27,129,367,2022/9/28 17:54:59
28,93,573,2022/9/20 13:27:44
29,43,915,2022/5/23 7:07:17
30,178,504,2023/2/26 19:01:10
31,167,307,2022/9/26 15:02:23
32,189,378,2022/9/10 12:55:33
33,51,943,2022/12/25 14:39:59
34,23,69,2023/4/27 18:15:28
35,19,879,2022/7/20 6:34:32
36,244,550,2022/12/29 16:11:12
37,45,198,2023/10/22 13:40:41
38,173,750,2023/6/26 2:08:08
39,209,135,2023/5/12 1:15:02
40,203,761,2022/1/18 20:49:22
41,256,36,2022/4/3 1:00:39
42,59,616,2022/7/12 16:40:19
43,140,905,2022/10/4 16:28:19
44,274,384,2022/7/10 8:05:15
45,1,567,2022/8/28 21:17:45
46,123,108,2022/12/26 0:43:40
47,110,354,2023/3/2 3:22:06
48,50,475,2022/4/27 15:23:06
49,33,777,2023/1/13 2:40:03
50,220,727,2023/9/25 3:33:06
51,259,366,2022/4/15 5:17:16
52,27,845,2022/12/28 5:20:00
53,290,51,2023/6/16 16:14:03
54,84,254,2023/9/15 23:56:35
55,150,261,2023/3/22 11:00:13
56,62,991,2023/3/31 0:36:16
57,120,67,2023/5/1 7:19:49
58,68,568,2023/7/20 5:50:40
59,179,311,2021/12/16 18:36:36
60,6,145,2023/8/19 3:36:27
61,150,925,2022/1/17 2:45:49
62,193,459,2022/4/16 7:34:26
63,114,641,2022/4/11 22:33:44
64,149,272,2022/11/21 11:25:10
65,60,728,2022/7/27 23:32:30
66,219,4,2023/10/14 10:24:20
67,49,886,2023/10/22 22:56:50
68,106,438,2022/10/24 18:39:56
69,80,321,2023/9/10 18:12:41
70,11,793,2022/8/28 18:32:58
71,27,381,2022/2/2 12:20:40
72,115,142,2023/7/6 9:41:57
73,298,805,2022/9/2 20:29:31
74,14,923,2022/4/10 13:50:04
75,123,918,2022/9/2 9:35:08
76,16,923,2022/7/14 6:51:46
77,21,927,2023/2/27 5:06:33
78,255,750,2022/6/16 7:53:33
79,87,292,2023/9/6 1:17:13
80,196,971,2022/11/15 21:45:48
81,123,503,2023/9/24 14:31:30
82,59,359,2023/4/3 19:54:04
83,291,142,2023/4/28 9:08:24
84,276,859,2023/2/16 1:15:08
85,63,840,2023/8/5 6:44:14
86,232,87,2023/8/27 4:27:27
87,237,354,2022/5/28 13:02:21
88,48,741,2022/5/9 13:45:39
89,191,368,2022/12/7 11:52:23
90,176,872,2022/5/9 19:40:00
91,263,691,2023/6/19 21:57:20
92,85,277,2023/6/27 23:18:36
93,205,50,2022/11/27 0:07:42
94,69,60,2022/2/20 0:30:38
95,128,148,2023/1/18 21:54:07
96,101,958,2022/3/22 6:04:11
97,168,497,2022/5/1 9:49:31
98,62,716,2022/10/8 1:05:59
99,227,5,2023/1/2 14:11:44
100,239,752,2022/7/4 11:44:17
101,28,159,2023/2/1 23:53:22
102,92,88,2022/3/19 4:05:18
103,221,57,2022/4/20 22:01:31
104,22,839,2022/2/28 4:50:23
105,24,200,2022/10/12 14:30:54
106,4,848,2023/3/9 8:00:30
107,70,703,2022/5/19 1:32:53
108,220,286,2023/5/2 14:52:29
109,149,816,2023/9/18 8:05:58
110,116,22,2022/9/25 14:57:49
111,101,403,2021/12/31 20:04:05
112,150,82,2022/1/16 10:44:21
113,247,614,2023/8/30 2:22:00
114,54,791,2022/11/18 12:50:38
115,118,932,2023/2/22 2:43:29
116,40,353,2023/5/7 7:59:59
117,180,561,2023/1/19 17:24:44
118,1,484,2022/1/3 1:03:39
119,101,755,2023/8/22 23:02:17
120,56,50,2023/1/22 20:49:22
121,130,193,2022/9/1 21:45:25
122,196,685,2023/4/21 15:36:24
123,286,246,2023/8/27 4:33:09
124,38,290,2022/7/6 7:35:48
125,118,931,2023/3/30 20:38:03
126,60,869,2022/5/4 21:08:39
127,260,218,2023/4/1 8:54:24
128,79,313,2022/10/28 3:03:18
129,70,323,2022/5/11 1:26:55
130,117,521,2022/11/20 19:25:18
131,58,2,2023/4/5 12:19:42
132,192,85,2021/12/6 8:01:33
133,112,169,2022/10/26 11:42:39
134,154,875,2023/4/5 4:09:09
135,233,122,2022/1/3 23:05:44
136,113,727,2023/4/25 8:38:16
137,53,438,2021/12/30 13:46:18
138,42,214,2022/10/12 7:19:00
139,132,92,2022/9/22 23:17:47
140,267,32,2021/12/13 7:04:05
141,168,507,2023/5/26 14:00:49
142,105,193,2023/3/7 8:11:55
143,88,465,2023/4/19 3:59:52
144,215,320,2022/5/26 11:44:15
145,67,517,2023/3/26 22:25:17
146,131,941,2023/3/27 11:58:36
147,6,366,2022/7/28 9:04:23
148,141,138,2023/1/18 4:00:46
149,69,861,2023/3/22 18:55:11
150,270,17,2022/10/10 20:30:54
151,33,926,2022/8/6 1:35:08
152,127,598,2022/4/20 2:15:49
153,188,419,2023/8/28 15:06:16
154,251,664,2023/3/3 14:05:14
155,194,120,2022/8/29 0:53:59
156,195,863,2022/6/16 16:45:36
157,108,1000,2022/11/25 10:36:47
158,278,901,2023/8/3 0:41:43
159,76,695,2022/6/17 22:20:10
160,6,313,2023/1/20 19:39:45
161,296,233,2023/5/23 8:24:05
162,11,6,2023/5/13 9:58:47
163,79,921,2023/9/1 23:24:03
164,14,149,2021/12/23 6:43:09
165,201,230,2023/1/14 12:10:49
166,102,289,2023/1/2 10:25:06
167,196,3,2022/10/3 18:07:30
168,89,712,2023/10/24 19:35:10
169,112,808,2023/8/3 22:47:36
170,47,684,2022/9/24 8:07:04
171,74,845,2022/8/11 6:00:32
172,198,158,2023/5/11 13:22:18
173,283,155,2022/6/6 6:57:30
174,116,300,2022/7/5 10:28:20
175,262,270,2022/5/17 18:23:29
176,134,46,2023/7/2 14:33:22
177,159,768,2022/1/3 12:09:34
178,115,221,2022/3/18 6:09:23
179,25,844,2023/2/2 15:12:48
180,139,775,2023/3/1 12:29:03
181,270,47,2022/11/15 18:13:05
182,212,528,2023/3/19 5:27:46
183,159,387,2022/10/7 19:07:35
184,148,659,2022/7/1 0:59:09
185,185,398,2023/2/4 14:52:09
186,282,989,2022/4/20 23:23:38
187,283,68,2023/2/18 21:35:14
188,237,360,2022/7/2 17:13:37
189,184,499,2023/9/19 13:19:31
190,238,87,2023/10/8 7:00:03
191,145,965,2022/3/9 1:30:28
192,123,510,2023/1/22 11:04:15
193,37,693,2023/6/22 14:37:51
194,162,126,2022/2/15 1:33:57
195,182,255,2022/8/7 11:14:35
196,188,61,2022/11/14 2:33:21
197,175,529,2023/10/7 13:21:50
198,155,662,2023/4/30 11:33:23
199,33,311,2023/5/19 12:15:14
200,34,701,2022/3/18 22:08:47
201,5,701,2023/9/12 7:20:36
202,138,770,2023/9/23 2:29:33
203,26,976,2023/1/20 12:04:53
204,3,346,2022/6/28 10:48:04
205,113,700,2023/8/30 5:34:58
206,210,436,2022/9/15 13:58:49
207,207,53,2023/9/7 3:57:00
208,15,742,2023/3/9 16:04:38
209,96,174,2023/2/14 15:08:19
210,139,515,2022/1/25 13:31:53
211,154,804,2022/10/26 19:04:31
212,21,60,2023/6/24 15:17:59
213,143,31,2023/5/16 11:50:54
214,259,10,2022/4/20 18:42:59
215,202,611,2022/7/31 12:00:47
216,148,979,2023/8/22 8:23:12
217,87,122,2022/6/15 13:09:55
218,222,19,2022/9/12 9:08:20
219,185,826,2023/5/19 22:26:12
220,280,809,2023/5/8 13:22:29
221,269,681,2022/8/10 20:22:15
222,110,296,2022/10/19 15:50:31
223,19,908,2022/4/5 10:55:04
224,86,949,2023/9/4 19:20:37
225,294,28,2022/9/17 23:03:21
226,189,874,2023/4/14 1:06:46
227,199,139,2023/1/2 21:05:49
228,105,978,2023/1/13 20:53:45
229,28,515,2023/3/28 9:27:14
230,106,545,2022/1/3 3:39:23
231,27,28,2022/11/13 6:23:52
232,44,540,2022/6/18 11:57:49
233,111,71,2022/9/10 13:43:35
234,139,319,2023/7/10 4:00:06
235,47,85,2021/12/18 9:39:41
236,60,553,2022/3/16 10:39:52
237,283,966,2022/12/7 0:54:00
238,3,13,2023/1/16 0:20:17
239,192,89,2021/12/23 13:42:55
240,176,660,2022/5/24 22:20:03
241,63,220,2023/8/28 14:54:34
242,5,859,2022/4/30 12:27:56
243,20,34,2023/8/14 19:18:24
244,31,424,2022/10/18 22:01:58
245,97,723,2022/10/1 1:05:44
246,4,760,2023/10/2 15:28:19
247,218,79,2022/12/21 0:01:13
248,42,631,2022/9/13 10:10:49
249,116,900,2023/8/8 14:28:00
250,231,402,2021/12/26 16:00:47
251,69,432,2023/10/6 10:51:22
252,130,301,2022/1/17 13:12:17
253,53,757,2023/3/12 19:15:42
254,60,301,2023/8/11 19:46:56
255,8,143,2022/5/26 3:36:01
256,81,30,2022/8/22 17:11:45
257,56,642,2023/8/24 21:02:15
258,36,74,2022/8/23 4:22:40
259,106,765,2022/10/29 1:10:59
260,153,674,2022/8/20 8:29:37
261,111,1,2022/10/16 13:08:38
262,265,700,2023/4/27 11:52:07
263,2,819,2022/10/30 23:37:14
264,74,277,2023/3/6 18:51:17
265,274,814,2022/8/23 10:34:15
266,262,723,2021/12/30 3:24:46
267,5,463,2022/5/6 11:10:19
268,235,971,2023/9/13 14:10:16
269,143,467,2023/4/8 8:17:04
270,174,888,2023/1/28 20:28:02
271,92,198,2023/4/4 15:06:56
272,221,653,2022/5/6 14:19:48
273,23,871,2023/5/12 10:39:44
274,1,588,2022/3/25 14:52:39
275,71,945,2022/4/8 2:46:49
276,94,641,2022/8/27 5:10:59
277,283,128,2022/11/18 4:44:02
278,78,628,2022/5/26 21:53:37
279,111,658,2022/8/12 20:42:36
280,246,412,2022/11/19 10:19:29
281,298,194,2023/8/25 21:48:47
282,8,972,2023/5/15 3:14:59
283,51,207,2023/9/12 12:25:25
284,169,517,2023/1/18 14:27:53
285,59,460,2022/8/19 6:43:07
286,247,393,2023/6/28 16:56:03
287,226,643,2022/12/14 0:57:38
288,96,537,2023/10/6 2:08:35
289,62,439,2023/9/15 5:14:24
290,227,875,2023/2/18 18:08:25
291,80,688,2023/9/6 15:01:32
292,275,706,2022/5/22 2:52:02
293,264,710,2022/7/7 14:07:20
294,31,854,2022/9/20 16:59:06
295,200,31,2021/12/18 15:06:11
296,291,72,2023/7/14 6:44:41
297,10,248,2023/2/3 1:06:52
298,261,460,2023/1/18 7:22:48
299,76,277,2021/12/28 15:00:39
300,11,144,2023/1/28 19:01:43
301,298,103,2022/8/18 23:15:00
302,287,597,2022/11/15 18:19:27
303,116,921,2021/12/14 8:20:54
304,50,128,2022/8/6 1:56:16
305,192,518,2022/4/6 19:05:54
306,70,713,2023/1/22 7:25:49
307,133,132,2022/9/7 4:44:37
308,1,79,2022/3/25 21:17:22
309,120,958,2022/10/26 22:39:51
310,68,176,2023/1/27 15:32:51
311,27,469,2023/1/4 19:52:54
312,201,123,2022/4/14 3:48:12
313,267,316,2023/8/13 10:40:58
314,172,181,2022/10/28 11:07:50
315,137,218,2023/8/24 6:03:08
316,111,793,2023/3/29 23:02:40
317,179,95,2022/2/5 19:11:32
318,38,89,2022/11/22 10:22:59
319,260,241,2023/1/23 7:46:55
320,242,936,2022/3/27 9:30:03
321,93,439,2023/8/20 8:21:06
322,10,158,2022/1/10 4:57:04
323,263,961,2022/8/31 19:13:47
324,145,579,2023/4/8 17:34:37
325,117,781,2022/11/25 5:12:13
326,29,861,2022/10/6 19:40:08
327,233,94,2022/1/13 8:38:00
328,212,526,2021/12/14 9:23:10
329,144,691,2022/12/27 16:02:03
330,274,489,2022/2/4 12:53:03
331,245,517,2022/12/7 11:53:30
332,182,650,2023/8/10 10:24:30
333,261,870,2023/8/31 17:21:11
334,243,243,2022/10/21 3:54:32
335,161,788,2023/8/29 4:09:18
336,160,981,2023/6/16 8:07:17
337,22,398,2023/9/9 12:00:37
338,1,706,2022/9/15 1:23:11
339,131,984,2022/3/7 16:37:32
340,50,372,2023/7/23 4:09:18
341,236,904,2022/9/26 23:16:56
342,38,700,2023/6/20 4:34:49
343,8,184,2022/3/22 16:17:45
344,109,194,2022/9/16 12:24:49
345,151,328,2023/2/14 21:52:07
346,221,502,2022/2/8 21:29:08
347,247,769,2022/3/21 18:21:45
348,25,407,2021/12/25 15:53:45
349,199,565,2022/8/30 4:17:11
350,183,125,2023/3/23 22:08:46
351,71,101,2022/12/17 10:18:45
352,97,753,2023/1/7 19:03:30
353,119,517,2022/2/22 20:35:12
354,4,610,2023/8/18 21:25:22
355,162,268,2022/3/25 14:48:07
356,151,239,2023/3/25 8:49:02
357,12,858,2022/4/25 20:08:19
358,145,202,2022/12/27 10:43:03
359,77,933,2022/3/5 8:39:30
360,169,787,2022/11/1 2:11:18
361,278,956,2022/2/21 3:58:04
362,196,426,2022/7/7 0:55:19
363,167,264,2023/10/2 4:09:52
364,191,165,2022/7/11 7:30:21
365,177,652,2022/12/10 18:27:28
366,6,979,2022/1/22 13:23:44
367,156,995,2022/3/28 9:25:21
368,223,370,2023/5/30 21:05:09
369,20,397,2022/3/13 5:20:25
370,230,945,2022/5/23 21:42:34
371,133,836,2021/12/7 18:51:00
372,78,734,2022/10/3 15:04:27
373,65,273,2023/7/6 18:07:43
374,254,535,2023/7/21 4:22:26
375,295,951,2023/10/20 17:32:34
376,142,249,2022/10/14 7:06:40
377,142,762,2022/10/8 18:00:49
378,68,825,2023/2/27 11:15:50
379,268,695,2022/12/10 9:32:45
380,76,311,2022/5/15 18:31:22
381,94,798,2023/4/1 0:10:26
382,170,990,2023/8/23 2:37:36
383,63,150,2022/9/5 11:08:31
384,59,1000,2022/7/12 19:57:07
385,163,993,2022/8/14 16:19:59
386,102,816,2023/6/24 3:42:05
387,295,944,2022/11/27 14:36:29
388,268,606,2022/7/8 14:35:47
389,222,770,2022/6/1 16:53:08
390,6,931,2023/8/2 12:42:44
391,203,913,2022/2/4 6:13:21
392,241,695,2022/4/15 3:52:23
393,288,66,2023/2/10 9:18:42
394,179,177,2023/3/5 4:49:36
395,153,844,2021/12/9 9:32:59
396,38,582,2022/11/9 9:38:46
397,265,239,2023/2/18 15:23:15
398,24,361,2022/4/26 11:24:29
399,6,229,2022/4/30 10:49:18
400,278,420,2023/1/18 15:07:23
401,128,202,2022/9/9 1:26:51
402,83,727,2022/6/29 14:19:13
403,93,357,2022/8/4 10:43:08
404,84,325,2023/7/28 2:05:38
405,266,734,2022/12/31 11:24:53
406,17,903,2022/6/10 20:03:17
407,30,755,2023/6/7 15:37:55
408,66,475,2022/10/9 19:41:30
409,113,843,2022/8/18 21:27:27
410,300,703,2022/6/19 23:13:42
411,186,81,2023/6/4 8:02:36
412,161,949,2023/8/2 13:35:04
413,183,726,2022/1/25 9:46:22
414,299,701,2023/1/31 4:31:51
415,207,289,2022/6/28 10:20:51
416,198,178,2023/8/23 10:49:47
417,59,248,2023/5/14 1:04:18
418,25,596,2023/9/15 17:27:54
419,152,548,2022/4/26 10:34:48
420,8,548,2023/4/7 19:34:38
421,260,382,2023/3/5 4:19:15
422,216,600,2022/6/15 8:49:48
423,230,557,2023/4/16 13:42:36
424,277,115,2023/7/15 17:57:30
425,290,558,2022/8/5 16:13:37
426,93,881,2023/1/9 13:18:02
427,188,435,2023/6/23 14:15:30
428,76,422,2023/5/16 16:22:04
429,100,102,2023/8/24 22:32:00
430,1,570,2022/8/3 6:37:39
431,134,568,2022/9/1 15:56:12
432,165,360,2022/2/18 23:06:20
433,221,715,2023/3/15 6:06:00
434,258,813,2022/8/6 15:52:34
435,27,922,2023/1/4 8:36:41
436,101,377,2022/4/30 2:45:15
437,101,42,2023/7/2 1:48:41
438,54,798,2023/6/12 14:31:13
439,245,390,2023/1/21 0:05:57
440,242,139,2023/4/18 9:35:11
441,39,903,2023/10/16 0:03:57
442,156,866,2023/5/28 18:12:30
443,69,282,2022/4/20 7:51:20
444,215,66,2022/5/3 16:19:53
445,237,979,2023/3/16 19:12:17
446,113,918,2022/10/21 13:36:16
447,242,996,2023/1/1 13:53:13
448,190,153,2023/10/13 18:33:53
449,112,884,2023/1/30 11:46:36
450,187,844,2022/11/14 16:06:20
451,235,685,2022/3/12 14:26:10
452,81,717,2022/8/17 6:14:38
453,36,157,2022/8/16 8:25:01
454,200,465,2022/11/4 21:13:37
455,26,361,2023/9/26 2:20:01
456,293,997,2023/7/8 3:56:10
457,81,983,2022/11/28 15:43:31
458,279,924,2022/5/11 16:31:01
459,35,887,2022/1/31 2:39:40
460,216,892,2023/4/19 13:42:30
461,292,406,2023/2/24 2:23:28
462,167,46,2023/3/20 4:46:40
463,109,708,2021/12/3 18:54:20
464,151,257,2022/5/25 21:25:44
465,159,493,2022/11/2 1:51:11
466,33,716,2022/1/12 12:14:55
467,232,776,2022/8/8 10:34:21
468,56,932,2023/7/25 1:04:14
469,299,647,2023/9/28 20:29:35
470,23,477,2022/1/2 18:08:12
471,213,937,2023/1/27 10:54:09
472,107,93,2023/8/31 1:34:41
473,107,398,2023/4/27 22:51:25
474,167,668,2023/1/16 14:43:03
475,62,790,2022/3/23 0:52:21
476,277,72,2023/2/26 3:02:49
477,281,47,2022/1/28 2:14:33
478,215,629,2022/9/8 5:41:29
479,1,649,2022/4/29 22:27:27
480,36,848,2023/4/16 2:37:08
481,131,383,2022/1/28 16:50:39
482,155,441,2021/12/16 14:24:06
483,185,95,2022/2/1 22:39:31
484,237,730,2022/11/14 13:20:00
485,249,500,2022/12/20 10:16:43
486,231,792,2022/1/4 17:33:40
487,258,810,2023/1/4 6:46:14
488,129,46,2023/3/30 6:01:25
489,276,478,2023/4/4 13:01:04
490,212,932,2022/10/28 22:36:21
491,103,266,2023/9/17 13:36:54
492,106,116,2022/9/16 21:52:06
493,167,147,2022/1/20 16:24:55
494,173,140,2022/11/27 22:28:14
495,21,73,2023/9/18 23:37:40
496,217,130,2021/12/27 16:56:44
497,185,237,2022/3/5 18:43:53
498,227,95,2023/9/22 23:34:38
499,122,103,2023/7/22 17:18:09
500,203,245,2023/9/4 1:04:16
501,47,81,2022/7/4 9:42:50
502,243,958,2023/5/16 10:00:08
503,161,576,2023/1/6 17:33:42
504,192,423,2023/9/19 4:25:22
505,259,469,2023/6/16 19:11:19
506,192,21,2022/9/17 15:08:46
507,142,267,2022/4/3 10:06:19
508,146,251,2022/5/19 22:28:37
509,268,646,2023/9/25 23:42:43
510,217,324,2022/10/6 6:31:47
511,38,608,2023/4/10 3:56:44
512,38,23,2022/5/10 5:07:18
513,177,254,2022/7/14 3:22:05
514,141,113,2022/8/31 17:41:39
515,254,828,2022/5/22 9:39:49
516,223,718,2023/5/28 22:52:19
517,211,678,2022/6/11 13:49:21
518,135,782,2023/1/21 2:10:26
519,143,740,2022/1/13 3:08:39
520,57,640,2022/4/4 12:31:49
521,12,561,2023/10/22 0:19:45
522,33,383,2023/4/26 12:40:00
523,239,355,2023/2/20 18:43:09
524,175,795,2022/10/11 0:07:51
525,182,108,2021/12/15 17:44:50
526,189,886,2023/4/25 8:07:25
527,233,454,2022/10/31 7:32:20
528,231,762,2022/12/18 4:39:13
529,11,570,2022/3/10 20:08:43
530,10,936,2022/4/22 18:31:36
531,287,581,2023/1/19 13:01:01
532,174,152,2023/5/11 15:45:34
533,242,707,2022/11/18 18:12:49
534,263,26,2022/3/13 5:25:12
535,292,672,2022/11/13 10:03:13
536,297,997,2023/6/6 9:42:46
537,128,966,2023/10/22 22:01:40
538,268,490,2023/1/17 3:07:19
539,166,237,2022/11/11 15:05:04
540,261,689,2023/6/17 15:56:33
541,227,797,2023/8/16 14:53:41
542,250,95,2022/11/9 23:16:33
543,291,274,2023/5/15 21:28:03
544,274,619,2022/4/19 23:00:54
545,250,511,2022/1/14 14:08:45
546,262,229,2022/10/7 1:49:20
547,47,839,2022/9/7 6:53:21
548,300,767,2021/12/17 22:31:07
549,84,186,2023/6/24 14:15:07
550,36,60,2022/11/8 2:25:30
551,93,78,2022/7/10 23:15:22
552,10,218,2021/12/28 16:59:54
553,270,412,2022/7/29 22:15:17
554,210,829,2022/7/14 15:06:24
555,266,862,2022/8/26 23:43:51
556,96,858,2022/12/3 19:29:32
557,106,929,2022/1/26 0:04:51
558,187,31,2022/3/15 15:21:11
559,41,612,2023/4/13 13:41:37
560,61,850,2023/3/30 8:25:43
561,257,492,2023/6/25 12:16:03
562,133,404,2022/1/4 16:24:16
563,268,679,2022/8/17 12:46:16
564,47,832,2023/5/5 1:29:49
565,128,992,2022/5/21 10:01:49
566,139,72,2022/8/18 16:31:25
567,277,597,2023/3/21 21:10:41
568,264,337,2023/4/13 22:55:08
569,74,58,2023/6/12 1:27:33
570,234,501,2023/2/10 11:38:07
571,108,997,2023/6/7 16:04:55
572,224,81,2023/4/9 9:43:16
573,230,628,2023/5/3 9:03:06
574,264,495,2022/3/25 13:22:31
575,54,699,2023/6/1 9:14:19
576,167,413,2023/2/16 2:25:42
577,101,140,2022/8/14 8:03:32
578,204,912,2022/8/25 11:36:22
579,148,407,2023/1/16 22:35:19
580,209,536,2023/9/17 10:49:37
581,126,60,2022/6/5 9:11:39
582,118,158,2023/4/27 7:46:13
583,147,358,2022/2/13 7:58:53
584,52,679,2022/5/4 22:15:27
585,281,473,2022/1/25 5:13:07
586,223,545,2022/6/22 7:05:35
587,75,900,2023/7/7 4:57:57
588,198,213,2022/7/6 23:32:18
589,266,7,2022/3/23 9:58:43
590,256,896,2022/5/23 18:00:45
591,39,659,2023/4/25 16:09:16
592,294,284,2023/5/28 19:54:11
593,13,597,2023/10/23 19:18:38
594,161,419,2022/10/28 23:39:21
595,233,631,2022/8/9 1:39:37
596,200,970,2022/8/19 4:13:41
597,251,473,2022/4/4 0:49:05
598,137,269,2023/8/30 4:30:33
599,249,668,2023/4/12 19:53:33
600,129,61,2022/9/26 6:00:42
601,105,828,2022/2/17 0:15:54
602,204,967,2022/8/8 18:33:47
603,47,738,2023/5/26 8:04:54
604,250,188,2022/10/18 2:44:38
605,219,829,2022/12/8 22:32:19
606,151,441,2022/2/24 18:56:31
607,292,835,2021/12/24 17:57:00
608,268,234,2022/12/15 2:23:28
609,85,769,2023/6/28 13:54:46
610,203,276,2022/4/13 20:17:08
611,98,782,2021/12/16 4:50:26
612,14,358,2023/8/19 22:39:09
613,1,869,2023/10/23 6:08:41
614,207,828,2022/12/4 13:26:11
615,27,235,2023/8/15 8:14:24
616,7,64,2023/7/14 2:37:57
617,279,402,2022/10/22 18:01:43
618,60,662,2022/3/2 21:47:04
619,257,219,2023/4/23 23:57:27
620,233,757,2022/11/27 14:44:21
621,32,70,2023/7/13 4:29:13
622,282,307,2023/8/13 11:47:38
623,40,332,2023/9/13 17:07:54
624,13,30,2023/1/20 21:20:49
625,16,888,2022/9/6 13:15:48
626,50,325,2022/5/3 16:38:47
627,203,821,2022/4/24 16:30:21
628,101,109,2023/2/26 4:20:26
629,138,253,2022/11/28 17:39:24
630,75,312,2022/7/16 21:54:14
631,92,586,2022/2/9 7:03:08
632,228,164,2022/2/4 19:42:33
633,138,711,2023/3/27 14:46:15
634,221,996,2022/9/12 15:31:14
635,291,333,2022/7/7 6:46:15
636,17,82,2023/7/2 7:25:17
637,253,541,2022/1/1 4:52:13
638,128,468,2022/8/5 17:54:00
639,192,752,2023/1/18 23:46:44
640,18,653,2022/8/10 9:44:06
641,118,943,2023/5/11 10:27:01
642,117,970,2022/8/21 23:25:07
643,89,136,2023/8/14 12:48:37
644,100,428,2022/12/29 3:28:05
645,26,151,2022/9/22 5:22:01
646,284,662,2023/1/17 19:02:52
647,108,647,2023/9/16 13:03:45
648,254,413,2022/9/3 0:54:06
649,142,495,2023/7/22 23:18:58
650,77,347,2022/6/27 18:30:52
651,94,380,2023/4/1 1:25:45
652,100,974,2023/2/20 11:55:48
653,110,623,2022/3/2 18:03:00
654,240,230,2022/8/22 23:32:22
655,2,441,2022/7/22 10:57:42
656,296,196,2022/5/11 11:47:50
657,231,266,2022/4/22 21:56:39
658,285,955,2023/9/11 1:22:34
659,298,739,2022/9/19 9:22:41
660,90,838,2022/8/28 3:01:04
661,185,316,2022/8/24 22:01:15
662,198,172,2023/9/10 22:41:12
663,136,170,2022/12/14 21:11:47
664,90,948,2023/10/6 5:18:34
665,70,529,2022/1/6 11:20:35
666,122,195,2021/12/21 21:43:08
667,161,801,2023/1/4 0:41:03
668,28,124,2022/1/9 3:08:34
669,208,365,2022/3/16 13:13:01
670,113,391,2021/12/21 15:33:26
671,41,665,2023/10/11 12:33:03
672,229,843,2022/6/19 17:03:43
673,205,858,2022/11/8 13:19:17
674,227,909,2022/12/23 5:34:42
675,181,996,2022/9/9 14:23:57
676,281,798,2023/1/30 10:56:18
677,257,317,2023/5/31 20:27:16
678,69,840,2023/4/22 4:24:40
679,275,263,2022/7/12 5:39:45
680,194,636,2022/3/16 22:00:50
681,102,95,2022/8/26 6:57:43
682,78,666,2022/12/31 5:50:38
683,232,237,2022/12/3 14:08:00
684,167,730,2022/1/24 15:55:02
685,52,540,2023/8/27 5:21:17
686,171,69,2023/3/16 19:18:02
687,219,786,2023/5/7 15:35:44
688,254,564,2022/3/3 3:51:43
689,105,657,2023/3/14 4:53:07
690,103,229,2022/6/11 19:29:18
691,77,47,2022/4/22 20:32:35
692,55,747,2021/12/4 23:18:01
693,157,536,2022/11/28 18:21:14
694,93,307,2023/1/26 17:30:01
695,21,791,2022/2/8 23:50:49
696,215,616,2023/1/6 19:43:43
697,246,428,2022/6/20 3:31:27
698,84,221,2022/6/22 16:08:27
699,171,655,2021/12/30 16:33:43
700,22,692,2023/5/20 11:47:40
701,69,547,2023/2/16 23:46:13
702,83,570,2023/6/16 22:59:43
703,45,309,2022/1/14 1:40:56
704,76,138,2023/10/14 5:13:32
705,88,301,2023/10/6 18:17:13
706,229,900,2023/1/2 21:19:33
707,149,594,2022/11/30 22:12:41
708,65,47,2023/3/25 9:38:57
709,87,49,2023/8/4 12:10:41
710,177,446,2022/9/7 11:54:40
711,164,625,2022/1/9 18:00:38
712,248,23,2022/10/8 16:11:06
713,235,194,2022/6/21 22:11:07
714,26,635,2023/9/8 8:37:32
715,183,709,2022/9/9 17:12:33
716,80,691,2022/2/14 15:48:10
717,149,786,2022/5/23 22:21:36
718,169,513,2022/9/21 20:44:51
719,41,668,2022/9/12 10:14:42
720,237,352,2022/7/10 21:38:04
721,276,81,2023/2/15 6:56:08
722,46,642,2022/9/23 8:40:43
723,58,472,2022/2/14 18:59:11
724,294,968,2023/6/14 10:11:16
725,185,275,2023/6/24 23:43:28
726,65,377,2023/6/4 5:42:32
727,278,119,2022/10/23 17:27:30
728,150,336,2022/7/10 14:56:17
729,256,533,2022/10/18 15:57:12
730,67,154,2023/6/8 5:51:26
731,245,912,2021/12/31 12:42:40
732,283,776,2023/9/10 16:21:13
733,140,806,2022/10/11 13:57:10
734,225,323,2022/7/14 21:31:45
735,141,156,2022/3/17 21:53:49
736,130,646,2023/2/11 0:29:31
737,101,976,2023/8/5 1:21:39
738,58,904,2022/2/28 13:54:36
739,211,862,2023/5/6 16:34:03
740,291,294,2022/6/12 21:38:36
741,43,666,2022/8/31 23:33:36
742,129,953,2023/3/29 15:27:38
743,70,174,2022/2/16 14:03:39
744,191,576,2023/7/18 0:01:09
745,159,919,2022/12/4 18:43:59
746,139,467,2023/10/23 6:15:07
747,228,818,2022/4/27 16:38:38
748,251,329,2022/4/27 19:25:44
749,207,816,2022/8/29 22:00:57
750,80,78,2022/3/13 18:50:18
751,173,342,2022/2/15 5:05:47
752,38,150,2023/9/12 11:47:42
753,127,374,2022/8/10 1:02:26
754,250,425,2022/2/3 20:57:02
755,67,710,2022/9/10 9:58:33
756,248,10,2023/3/9 4:36:34
757,41,510,2022/1/20 1:55:43
758,232,378,2023/1/13 16:51:17
759,43,90,2022/1/8 8:08:05
760,99,631,2023/9/27 4:24:46
761,163,976,2023/4/18 23:41:59
762,53,724,2022/11/7 3:35:58
763,52,349,2022/4/18 3:24:31
764,118,587,2022/1/14 16:17:05
765,246,932,2023/4/16 11:06:05
766,234,229,2022/12/2 14:48:14
767,164,804,2023/9/20 19:39:51
768,262,326,2023/3/5 18:53:44
769,114,442,2023/4/6 21:05:34
770,249,983,2023/6/2 12:54:38
771,291,430,2022/1/20 13:17:34
772,37,103,2023/6/16 5:49:43
773,277,665,2022/2/11 6:58:19
774,250,339,2023/8/11 6:10:10
775,220,231,2022/10/29 17:01:33
776,205,310,2022/12/3 4:31:35
777,6,827,2022/6/2 13:34:54
778,202,898,2023/9/4 18:04:53
779,98,401,2022/8/26 6:46:45
780,17,160,2023/9/1 14:33:10
781,265,306,2023/4/7 7:32:21
782,51,787,2022/9/6 9:51:14
783,241,446,2022/5/24 6:00:04
784,293,186,2022/11/21 15:09:30
785,166,188,2022/10/23 19:28:17
786,160,742,2022/12/7 12:05:14
787,205,967,2022/8/7 8:40:20
788,154,765,2022/10/27 12:29:49
789,284,302,2022/11/27 18:34:10
790,100,986,2022/5/8 6:03:22
791,126,60,2022/11/6 0:45:55
792,132,531,2021/12/30 22:23:51
793,12,591,2021/12/19 17:46:48
794,10,6,2022/7/13 21:45:21
795,23,906,2022/1/18 18:02:31
796,106,536,2023/1/1 1:40:31
797,274,125,2023/2/6 6:01:33
798,60,786,2023/8/5 4:10:46
799,183,579,2022/5/8 1:43:08
800,1,252,2022/12/26 14:12:28
801,16,770,2022/3/17 0:42:28
802,86,516,2022/12/19 21:37:42
803,241,965,2022/8/23 4:46:58
804,259,526,2023/2/22 18:02:48
805,104,694,2022/7/15 6:31:33
806,279,585,2022/8/15 18:41:25
807,109,84,2022/9/29 23:58:17
808,11,132,2022/4/6 4:51:40
809,103,517,2023/1/4 14:32:18
810,106,157,2023/5/5 8:38:58
811,130,141,2022/12/28 3:59:54
812,110,421,2022/8/21 11:10:04
813,49,123,2023/3/31 12:38:30
814,33,41,2022/7/2 11:31:56
815,31,327,2023/9/7 5:27:28
816,88,964,2022/12/27 19:19:03
817,252,911,2022/7/24 7:00:32
818,27,932,2023/7/18 11:34:43
819,77,176,2022/7/3 7:26:58
820,238,928,2022/2/15 4:04:40
821,59,215,2022/2/26 13:14:02
822,255,159,2022/12/29 15:55:17
823,112,685,2023/1/15 1:53:03
824,272,797,2022/4/7 0:51:26
825,52,751,2022/1/11 0:43:27
826,265,506,2022/9/2 3:08:51
827,290,664,2023/7/4 13:37:38
828,64,355,2022/7/1 4:37:44
829,283,180,2022/7/18 18:45:46
830,281,720,2023/8/7 22:27:50
831,285,111,2023/9/12 21:01:07
832,148,44,2023/9/10 13:56:02
833,181,320,2023/7/12 17:02:36
834,105,411,2022/8/9 17:24:26
835,297,531,2023/4/4 22:14:01
836,265,911,2022/3/4 19:37:37
837,39,613,2023/6/9 3:06:59
838,108,640,2023/1/7 4:21:33
839,42,520,2023/8/26 1:01:07
840,81,435,2023/7/27 11:34:13
841,11,729,2022/8/27 3:14:02
842,256,385,2023/8/28 22:26:15
843,103,682,2022/2/22 7:07:44
844,191,586,2023/8/4 5:30:55
845,209,556,2023/1/13 15:54:09
846,190,853,2022/8/24 11:07:48
847,145,355,2022/7/19 23:10:39
848,11,149,2023/8/4 13:21:04
849,289,337,2022/7/13 0:24:15
850,229,789,2022/12/20 0:19:34
851,48,946,2022/11/10 18:55:40
852,221,751,2023/5/21 2:42:36
853,170,357,2023/8/12 15:21:26
854,230,431,2022/2/10 0:59:36
855,299,746,2023/9/16 5:23:53
856,260,521,2023/2/11 19:05:18
857,212,888,2022/1/17 8:13:38
858,99,934,2022/11/16 20:09:32
859,50,239,2022/8/25 6:45:26
860,74,207,2022/5/6 19:27:10
861,296,477,2022/1/2 19:51:32
862,221,353,2023/9/1 10:48:38
863,156,272,2023/10/22 4:29:01
864,167,192,2022/5/2 15:41:22
865,170,795,2022/2/9 11:13:09
866,232,964,2023/4/29 14:36:28
867,297,822,2022/3/18 19:05:41
868,205,528,2022/4/18 16:42:39
869,52,61,2023/5/2 15:13:51
870,189,159,2023/5/9 13:54:13
871,186,160,2022/10/3 20:55:06
872,93,527,2023/10/10 9:57:33
873,285,369,2023/5/16 11:03:54
874,148,413,2022/6/13 1:24:51
875,295,476,2023/6/6 20:25:01
876,63,909,2023/1/6 2:52:11
877,256,736,2023/6/13 5:10:03
878,199,360,2022/6/23 10:32:37
879,186,860,2022/11/19 13:59:53
880,165,357,2022/3/12 14:05:43
881,108,248,2022/3/20 3:46:25
882,283,46,2022/12/18 5:03:21
883,269,978,2022/10/11 6:45:22
884,13,617,2022/7/26 13:30:45
885,234,400,2022/7/24 12:11:01
886,178,970,2022/7/22 13:54:15
887,15,990,2022/9/3 14:50:05
888,84,620,2021/12/13 22:52:26
889,15,922,2022/5/4 20:46:43
890,121,736,2023/10/7 2:18:38
891,72,196,2022/2/14 11:40:09
892,175,239,2022/9/15 20:31:12
893,259,902,2022/8/2 5:25:35
894,163,608,2022/5/8 5:25:41
895,3,395,2022/8/13 12:09:49
896,97,604,2023/7/12 6:42:15
897,194,77,2023/7/10 1:54:27
898,205,160,2022/4/28 4:35:55
899,153,765,2022/10/15 5:39:38
900,228,143,2022/9/17 7:09:57
901,159,970,2022/4/4 10:01:27
902,283,176,2023/7/11 3:20:49
903,136,779,2023/8/26 12:20:54
904,263,992,2023/10/3 15:49:15
905,184,212,2022/12/21 5:51:05
906,202,859,2022/9/5 22:30:38
907,169,390,2023/5/2 6:02:46
908,64,692,2023/7/13 14:44:40
909,87,244,2023/3/4 14:35:22
910,229,30,2022/2/2 13:59:06
911,127,718,2022/10/28 11:59:54
912,48,505,2023/3/13 16:22:33
913,62,108,2022/2/3 9:18:32
914,71,106,2022/6/16 18:00:01
915,121,822,2022/9/13 18:28:53
916,152,958,2022/2/7 16:41:34
917,104,819,2023/3/7 3:22:32
918,64,881,2022/5/14 4:28:52
919,295,843,2021/12/18 15:49:30
920,272,493,2022/1/17 21:55:01
921,258,460,2022/10/13 22:26:34
922,282,920,2023/2/26 21:03:28
923,63,551,2023/9/10 23:47:42
924,202,526,2023/5/20 21:45:14
925,273,507,2023/6/16 2:06:20
926,99,176,2022/8/13 22:05:21
927,134,626,2023/3/24 21:30:10
928,80,590,2023/2/21 16:26:06
929,293,956,2022/8/25 21:00:59
930,220,667,2022/10/14 1:52:05
931,214,47,2022/2/17 17:04:40
932,164,346,2022/8/12 11:19:56
933,214,616,2023/1/11 9:35:55
934,251,228,2021/12/21 7:01:02
935,299,221,2023/7/2 7:51:41
936,30,305,2022/3/10 10:44:30
937,200,134,2022/6/3 6:29:08
938,89,305,2022/2/7 0:17:51
939,26,351,2023/1/12 5:33:59
940,51,946,2022/4/13 14:20:02
941,11,505,2023/5/9 4:53:14
942,77,599,2022/11/23 11:11:22
943,99,10,2021/12/20 0:42:56
944,37,325,2023/5/22 9:29:21
945,165,455,2022/2/7 2:46:08
946,64,128,2022/6/23 18:03:57
947,129,704,2023/7/26 16:40:00
948,101,506,2023/4/25 20:55:38
949,173,939,2022/3/20 6:14:40
950,227,127,2022/2/16 20:20:14
951,215,327,2022/10/6 3:27:46
952,138,348,2022/1/31 15:48:50
953,219,204,2023/10/3 18:45:45
954,25,17,2022/3/9 4:08:58
955,76,158,2022/5/26 3:14:08
956,205,177,2021/12/28 0:59:05
957,33,634,2022/7/1 0:54:00
958,205,431,2022/5/30 19:13:21
959,288,988,2022/5/12 10:11:55
960,243,303,2021/12/8 19:31:44
961,1,498,2023/2/10 21:34:16
962,297,862,2021/12/4 8:58:46
963,236,185,2023/10/6 15:53:13
964,209,210,2022/9/7 10:44:13
965,162,640,2023/10/18 22:25:48
966,130,39,2022/6/4 4:51:52
967,246,620,2022/7/30 17:56:14
968,279,344,2023/5/16 3:53:31
969,130,466,2022/2/11 9:18:40
970,109,694,2023/6/30 20:30:44
971,257,887,2022/7/3 12:43:56
972,76,626,2023/5/21 4:05:37
973,294,617,2021/12/9 6:35:33
974,200,41,2023/1/20 12:54:19
975,222,504,2022/8/6 3:40:40
976,56,972,2022/3/12 2:35:38
977,206,806,2023/5/4 6:37:52
978,67,368,2022/4/9 2:11:30
979,285,304,2022/12/15 20:01:54
980,285,586,2023/8/22 2:03:26
981,29,883,2023/10/11 20:08:26
982,297,587,2022/10/29 2:49:21
983,297,87,2022/11/16 10:02:29
984,35,344,2022/5/14 8:22:06
985,35,510,2023/4/30 1:27:18
986,1,800,2023/9/9 1:37:32
987,134,274,2023/9/4 23:34:49
988,273,673,2022/1/14 13:58:00
989,160,337,2023/8/30 19:38:54
990,212,606,2023/4/2 5:49:31
991,43,581,2023/1/9 15:53:03
992,187,866,2022/9/16 21:49:34
993,55,980,2023/1/14 2:39:00
994,106,332,2023/9/23 7:48:38
995,220,721,2022/4/27 11:19:17
996,242,745,2023/1/14 13:53:43
997,249,384,2022/9/6 12:33:44
998,95,620,2022/4/4 15:54:49
999,299,98,2022/4/10 20:35:42
1000,66,371,2022/7/23 4:05:50
1001,230,372,2022/2/23 16:29:17
1002,143,21,2022/10/9 16:34:06
1003,4,142,2022/10/6 11:38:04
1004,28,337,2022/6/20 8:01:32
1005,128,639,2023/2/26 15:39:00
1006,92,728,2022/3/29 19:15:50
1007,124,214,2023/6/3 5:11:23
1008,224,151,2022/8/5 23:09:39
1009,164,17,2022/1/12 4:32:45
1010,19,403,2023/1/30 0:53:25
1011,78,158,2023/5/27 21:35:39
1012,145,133,2022/8/9 18:01:24
1013,23,164,2022/5/6 4:22:30
1014,68,925,2023/10/2 20:35:31
1015,104,557,2022/3/19 7:58:46
1016,193,285,2021/12/22 20:18:41
1017,282,362,2022/12/25 7:12:39
1018,234,728,2023/5/11 22:55:40
1019,299,98,2023/6/3 5:25:32
1020,123,539,2023/7/7 19:53:21
1021,109,746,2022/3/28 20:57:32
1022,228,101,2022/4/22 23:35:36
1023,83,571,2022/8/1 11:31:39
1024,174,142,2022/5/26 9:36:14
1025,250,667,2022/5/28 19:27:43
1026,84,94,2023/6/25 2:27:24
1027,131,86,2022/10/12 11:55:58
1028,224,728,2022/7/7 17:55:08
1029,163,701,2022/4/5 12:23:55
1030,28,256,2023/5/15 1:27:49
1031,148,7,2022/2/19 7:38:34
1032,33,156,2022/6/30 7:21:14
1033,293,582,2023/1/10 13:14:55
1034,196,287,2023/4/27 20:28:15
1035,224,279,2023/1/24 21:03:58
1036,216,434,2022/12/30 15:05:28
1037,230,954,2022/10/17 16:04:53
1038,13,639,2022/9/11 15:18:52
1039,239,277,2023/6/11 10:01:57
1040,260,354,2023/9/26 18:08:54
1041,180,109,2021/12/9 21:10:39
1042,97,50,2022/6/10 7:33:23
1043,159,745,2023/1/25 0:24:45
1044,46,588,2023/6/24 14:40:48
1045,234,499,2022/6/25 1:44:23
1046,259,27,2022/8/26 22:29:20
1047,51,699,2022/4/3 11:20:57
1048,172,277,2023/9/23 10:54:11
1049,201,538,2023/6/15 21:43:12
1050,78,364,2022/6/23 9:53:19
1051,51,689,2023/10/24 13:11:10
1052,129,740,2023/6/1 10:47:05
1053,237,144,2022/2/25 6:01:05
1054,277,263,2023/7/25 12:15:35
1055,87,521,2023/6/3 8:11:14
1056,234,17,2022/2/26 21:59:40
1057,61,364,2022/8/28 23:11:45
1058,280,36,2023/8/24 19:16:15
1059,233,894,2022/11/16 17:05:53
1060,172,232,2022/4/18 14:27:45
1061,77,799,2023/10/4 23:28:35
1062,232,687,2022/4/5 6:23:14
1063,109,548,2022/3/18 16:29:35
1064,161,663,2022/12/15 8:48:38
1065,158,917,2022/2/2 4:12:10
1066,70,214,2022/3/26 21:50:10
1067,99,293,2022/2/14 6:11:11
1068,143,78,2022/7/7 17:34:06
1069,139,669,2022/6/22 20:33:36
1070,265,948,2022/8/28 18:59:33
1071,102,614,2022/3/1 17:14:38
1072,107,635,2022/3/5 18:44:36
1073,36,914,2022/3/14 9:27:45
1074,13,459,2023/1/2 18:07:50
1075,150,553,2023/4/17 14:22:53
1076,18,20,2023/1/30 6:42:09
1077,94,22,2023/2/21 18:09:12
1078,246,692,2022/12/11 2:04:06
1079,187,570,2022/10/24 22:58:56
1080,47,460,2023/9/3 7:49:44
1081,244,230,2022/11/30 9:55:14
1082,130,757,2022/6/9 11:37:58
1083,197,474,2023/1/10 3:41:15
1084,95,524,2023/1/9 10:00:32
1085,85,231,2023/8/2 5:08:17
1086,19,864,2023/2/6 12:51:59
1087,129,390,2023/10/2 16:52:54
1088,192,389,2022/1/17 9:35:32
1089,253,154,2022/6/5 4:55:02
1090,257,544,2022/7/27 12:50:44
1091,296,643,2023/10/14 17:40:35
1092,197,874,2023/4/23 7:47:12
1093,1,5,2022/11/10 8:24:46
1094,284,273,2023/2/7 8:42:25
1095,58,955,2022/7/17 21:31:41
1096,218,677,2023/5/3 12:03:33
1097,156,984,2022/1/9 10:39:42
1098,49,509,2023/6/17 3:16:03
1099,147,883,2021/12/24 1:58:53
1100,48,485,2022/6/27 1:31:48
1101,227,509,2023/10/6 5:32:41
1102,280,804,2022/2/4 13:34:03
1103,152,242,2022/10/5 4:41:23
1104,181,91,2023/6/3 9:39:15
